0,NZPP
1,WKHK
2,WPSJ
3,QGNK
4,BAIR
5,AJYO
6,HKRZ
7,KUAS
8,ZWQW
9,INOQ
10,KEHI
11,TACR
12,ZNGD
13,FAXD
14,HZHK
15,BFCA
16,QOAH
17,LMLY
18,JHUC
19,SEGJ
20,OONM
21,UYJO
22,KQAL
23,HTIY
24,XKBK
25,PCAV
26,PKWD
27,JNTQ
28,YXES
29,WXZF
30,SZHC
31,EZDE
32,KMRW
33,HTQW
34,EUJG
35,HBUS
36,TQIH
37,QGXE
38,FLFQ
39,ADOT
40,RNMB
41,GRNW
42,VSBY
43,SASI
44,RCBL
45,MCFT
46,LSQG
47,FOQT
48,GYCQ
49,TYZY
50,PIOG
51,QORC
52,WBJB
53,IZSM
54,CINJ
55,JUDY
56,JTSK
57,ESOQ
58,JANN
59,RJWP
60,WDOD
61,IKGV
62,JXPI
63,SUWO
64,JABQ
65,OUJC
66,UTAT
67,SHIG
68,YQBY
69,HMTE
70,EPEN
71,EOED
72,CGDA
73,GBUS
74,VSTB
75,QQYZ
76,PCWS
77,BAMW
78,UYPG
79,QZJH
80,IQYX
81,KFJK
82,CMOK
83,OAAR
84,ZGDW
85,AFAA
86,PCMY
87,IQPJ
88,QDVP
89,GLKF
90,FRJM
91,NQLF
92,UEOG
93,MKOI
94,LALR
95,ALVS
96,IKDJ
97,XOLL
98,AMTF
99,RGAQ
100,TDAI
101,LHYW
102,SLDO
103,BOHB
104,DIBU
105,DAZB
106,VXMR
107,MAUO
108,JHNW
109,JWYK
110,GJVF
111,CVAC
112,IIUO
113,QSTH
114,IGRT
115,ETRW
116,VJQA
117,JQZV
118,OVZM
119,HKUF
120,MCJG
121,NLZG
122,IHCR
123,VZRG
124,JJPW
125,WQJP
126,JQKA
127,HLXY
128,ZQCM
129,PILM
130,YWQI
131,ZWPY
132,VNFM
133,VPTO
134,QGRK
135,MKJC
136,DKCR
137,CAML
138,OITG
139,CJYJ
140,VPHJ
141,VLIP
142,KMXJ
143,BYXB
144,KALM
145,BENN
146,GOWI
147,GCCR
148,WCOV
149,QGAM
150,CDVG
151,KOEP
152,GNBH
153,AJFP
154,JVDW
155,FPJG
156,WJVC
157,MKMY
158,PHWP
159,QPPL
160,UALE
161,KLIW
162,DCGQ
163,YYBD
164,NGVL
165,ICOZ
166,JJQF
167,KXUZ
168,CHGN
169,YBYJ
170,XXWB
171,XVXK
172,SIYA
173,DCIQ
174,IZGE
175,BKJT
176,ANSV
177,IFOT
178,XHKY
179,GJVM
180,BQWD
181,RQNG
182,OGQJ
183,BOKQ
184,ACIH
185,LIQC
186,JBFO
187,UZHR
188,CZCM
189,FXCF
190,PMGV
191,OPYR
192,SFKG
193,NQDF
194,SNHA
195,GXFL
196,QSYK
197,QHXS
198,XWFP
199,PZSD
200,MXET
201,GXTR
202,AXEO
203,OPJM
204,ULUS
205,LAHJ
206,LDSW
207,WLWH
208,ZITB
209,NAEO
210,JDUA
211,XOCN
212,KVSV
213,DCEI
214,AIIV
215,GTRY
216,XVTT
217,YLSV
218,REGO
219,PCAK
220,FVDK
221,WDXE
222,GTXM
223,YSLE
224,WARQ
225,JHXN
226,MNOI
227,SOFF
228,IJGJ
229,XETP
230,ESNP
231,UPFK
232,KNYO
233,YXBF
234,LKPI
235,DBPQ
236,JFXM
237,MLDQ
238,BATN
239,ISUS
240,SZGC
241,SQNG
242,FXEC
243,BFKK
244,PLDA
245,AFWW
246,UQVO
247,NNXT
248,KUNY
249,WAXI
250,WUYL
251,UVEQ
252,NWUY
253,JYWN
254,XFYI
255,CABF
256,AABZ
257,AOYV
258,VKWV
259,FWZB
260,XVYF
261,OPTD
262,CPSB
263,BIVG
264,VCJP
265,EWAY
266,SRMV
267,BVSY
268,YEJR
269,CFXL
270,RHSJ
271,GWWT
272,FKFR
273,GVUT
274,CDIT
275,WXWM
276,MQEF
277,BHGK
278,SAQG
279,DWCY
280,XTDS
281,NFHN
282,JDQD
283,YOLM
284,KRRB
285,EXPZ
286,NTHY
287,DEVJ
288,IRFD
289,DMMT
290,XTDQ
291,DUTT
292,JNGI
293,SEWO
294,ETJX
295,MTQC
296,TATE
297,XQNM
298,FGEX
299,QDSF
